"Group","Name","Filename","Format","Period","ActorSet","Type","Selected","MissingValues","NonZeroCode"
"data1","friendship","N34_3.DAT","matrix","1","Actors","network","Yes","9","1"
"data1","friendship","HN34_3.DAT","matrix","2","Actors","network","Yes","9","1"
"data1","delinquency","cbc3.dat","matrix","1","Actors","changing covariate","Yes","9","1"
"data1","gender cri impsf","CBE3.DAT","matrix","1","Actors","constant covariate","Yes","9","1"
"data1","coethnic","cbe3.sim","matrix","1","Actors","constant dyadic covariate","Yes","9","1"
