"Group","Name","Filename","Format","Period","ActorSet","Type","Selected","MissingValues","NonZeroCode"
"data1","friendship","N34_4.DAT","matrix","1","Actors","network","Yes","9","1"
"data1","friendship","HN34_4.DAT","matrix","2","Actors","network","Yes","9","1"
"data1","delin1 delin2","cbc4.dat","matrix","1","Actors","changing covariate","Yes","9","1"
"data1","gender cri impsf","CBE4.DAT","matrix","1","Actors","constant covariate","Yes","9","1"
"data1","coethnic","cbe4.sim","matrix","1","Actors","constant dyadic covariate","Yes","9","1"
